"Min.","X1st.Qu.","Median","Mean","X3rd.Qu.","Max."
"LIME",2,6,7,6.93883277216611,8,10
"LIME-HPO",1,8,10,8.82154882154882,10,10
"BreakDown",1,7,9,8.41919191919192,10,10
