,Min.,X1st.Qu.,Median,Mean,X3rd.Qu.,Max.
LIME,0,16,20,18.72107527,23,28
LIME-HPO,0,20,22,21.33189933,24,28
BreakDown,0,18,21,19.58081133,23,28